machine_id,time,cpu_util
m29,2017-10-03 00:00:00,7.9454166666666675
m29,2017-10-03 01:00:00,8.439750000001666
m29,2017-10-03 02:00:00,8.421444444441667
m29,2017-10-03 03:00:00,8.465805555553334
m29,2017-10-03 04:00:00,8.45791666667
m29,2017-10-03 05:00:00,8.454861111113333
m29,2017-10-03 06:00:00,8.593722222218334
m29,2017-10-03 07:00:00,8.302194444445
m29,2017-10-03 08:00:00,8.274138888888334
m29,2017-10-03 09:00:00,8.346194444441666
m29,2017-10-03 10:00:00,8.276861111108333
m29,2017-10-03 11:00:00,8.204638888888333
m29,2017-10-03 12:00:00,8.137027777778334
m29,2017-10-03 13:00:00,8.244444444448332
m29,2017-10-03 14:00:00,8.182305555556667
m29,2017-10-03 15:00:00,8.243166666668333
m29,2017-10-03 16:00:00,7.400361111115
m29,2017-10-03 17:00:00,8.183027777776667
m29,2017-10-03 18:00:00,8.328777777778333
m29,2017-10-03 19:00:00,8.281555555553334
m29,2017-10-03 20:00:00,8.259972222221666
m29,2017-10-03 21:00:00,8.145805555556667
m29,2017-10-03 22:00:00,8.19886111111
m29,2017-10-03 23:00:00,8.03972222222
m29,2017-10-04 00:00:00,8.10047222222
m29,2017-10-04 01:00:00,8.15111111111
m29,2017-10-04 02:00:00,8.212916666666667
m29,2017-10-04 03:00:00,8.358916666663333
m29,2017-10-04 04:00:00,8.187583333333333
m29,2017-10-04 05:00:00,8.312972222218333
m29,2017-10-04 06:00:00,8.085749999998333
m29,2017-10-04 07:00:00,8.231083333335
m29,2017-10-04 08:00:00,8.197972222223333
m29,2017-10-04 09:00:00,7.7232777777749995
m29,2017-10-04 10:00:00,8.23733333334
m29,2017-10-04 11:00:00,8.507444444441667
m29,2017-10-04 12:00:00,8.561888888883335
m29,2017-10-04 13:00:00,8.38372222222
m29,2017-10-04 14:00:00,8.235666666661666
m29,2017-10-04 15:00:00,8.33533333333
m29,2017-10-04 16:00:00,8.411694444443333
m29,2017-10-04 17:00:00,8.372416666668334
m29,2017-10-04 18:00:00,8.276680555553334
m29,2017-10-04 19:00:00,8.141208333333333
m29,2017-10-04 20:00:00,8.402194444448334
m29,2017-10-04 21:00:00,8.433499999998334
m29,2017-10-04 22:00:00,8.290611111115
m29,2017-10-04 23:00:00,8.255361111113334
m29,2017-10-05 00:00:00,8.340833333335
m29,2017-10-05 01:00:00,7.571222222218333
m29,2017-10-05 02:00:00,8.251972222221667
m29,2017-10-05 03:00:00,8.14716666667
m29,2017-10-05 04:00:00,8.277249999998334
m29,2017-10-05 05:00:00,8.207555555556667
m29,2017-10-05 06:00:00,8.46947222222
m29,2017-10-05 07:00:00,8.637277777778333
m29,2017-10-05 08:00:00,8.535416666664998
m29,2017-10-05 09:00:00,8.60372222222
m29,2017-10-05 10:00:00,8.373999999998334
m29,2017-10-05 11:00:00,8.671611111116666
m29,2017-10-05 12:00:00,8.591138888888334
m29,2017-10-05 13:00:00,8.444083333330001
m29,2017-10-05 14:00:00,8.671416666665001
m29,2017-10-05 15:00:00,8.336972222221666
m29,2017-10-05 16:00:00,8.322583333335
m29,2017-10-05 17:00:00,7.544444444443333
m29,2017-10-05 18:00:00,8.187694444446667
m29,2017-10-05 19:00:00,8.367861111109999
m29,2017-10-05 20:00:00,8.31097222222
m29,2017-10-05 21:00:00,8.316583333333334
m29,2017-10-05 22:00:00,8.174055555551666
m29,2017-10-05 23:00:00,8.219416666665
m29,2017-10-06 00:00:00,8.132249999996667
m29,2017-10-06 01:00:00,8.127305555558333
m29,2017-10-06 02:00:00,8.00616666667
m29,2017-10-06 03:00:00,7.992138888891666
m29,2017-10-06 04:00:00,8.079805555561666
m29,2017-10-06 05:00:00,8.102972222216668
m29,2017-10-06 06:00:00,8.254916666666666
m29,2017-10-06 07:00:00,8.183499999998334
m29,2017-10-06 08:00:00,8.207583333336666
m29,2017-10-06 09:00:00,8.041500000001667
m29,2017-10-06 10:00:00,7.473972222225
m29,2017-10-06 11:00:00,8.42638888889
m29,2017-10-06 12:00:00,8.377055555555
m29,2017-10-06 13:00:00,8.636194444446666
m29,2017-10-06 14:00:00,8.379583333333333
m29,2017-10-06 15:00:00,8.195722222226667
m29,2017-10-06 16:00:00,8.218250000001667
m29,2017-10-06 17:00:00,8.241638888888334
m29,2017-10-06 18:00:00,8.229527777776667
m29,2017-10-06 19:00:00,8.367250000001667
m29,2017-10-06 20:00:00,8.383222222225
m29,2017-10-06 21:00:00,8.455027777778334
m29,2017-10-06 22:00:00,8.245805555551666
m29,2017-10-06 23:00:00,8.093083333333333
m29,2017-10-07 00:00:00,8.309111111113333
m29,2017-10-07 01:00:00,8.310611111111665
m29,2017-10-07 02:00:00,8.255222222223333
m29,2017-10-07 03:00:00,7.5647777777766665
m29,2017-10-07 04:00:00,8.188611111106667
m29,2017-10-07 05:00:00,8.180583333333333
m29,2017-10-07 06:00:00,8.324111111113334
m29,2017-10-07 07:00:00,8.289722222221666
m29,2017-10-07 08:00:00,8.290777777776666
m29,2017-10-07 09:00:00,8.241055555555
m29,2017-10-07 10:00:00,8.240277777783334
m29,2017-10-07 11:00:00,8.336194444445
m29,2017-10-07 12:00:00,8.139305555558334
m29,2017-10-07 13:00:00,8.18436111111
m29,2017-10-07 14:00:00,8.120249999998332
m29,2017-10-07 15:00:00,8.253361111111667
m29,2017-10-07 16:00:00,8.55177777778
m29,2017-10-07 17:00:00,8.564611111108333
m29,2017-10-07 18:00:00,8.662361111108334
m29,2017-10-07 19:00:00,7.644194444441666
m29,2017-10-07 20:00:00,8.535416666663334
m29,2017-10-07 21:00:00,8.448666666666666
m29,2017-10-07 22:00:00,8.465750000003332
m29,2017-10-07 23:00:00,8.494055555555
m29,2017-10-08 00:00:00,8.433444444445
m29,2017-10-08 01:00:00,8.480972222221666
m29,2017-10-08 02:00:00,8.623416666665001
m29,2017-10-08 03:00:00,8.468083333338333
m29,2017-10-08 04:00:00,8.343944444443332
m29,2017-10-08 05:00:00,8.463055555553334
m29,2017-10-08 06:00:00,8.489805555556666
m29,2017-10-08 07:00:00,8.339527777776667
m29,2017-10-08 08:00:00,8.088749999998333
m29,2017-10-08 09:00:00,8.190805555553334
m29,2017-10-08 10:00:00,8.215361111106667
m29,2017-10-08 11:00:00,7.426819444448333
m29,2017-10-08 12:00:00,8.240097222216667
m29,2017-10-08 13:00:00,8.233194444443333
m29,2017-10-08 14:00:00,8.193888888886667
m29,2017-10-08 15:00:00,8.075555555555
m29,2017-10-08 16:00:00,8.051027777776666
m29,2017-10-08 17:00:00,8.169916666663333
m29,2017-10-08 18:00:00,8.167944444441666
m29,2017-10-08 19:00:00,8.092138888895
m29,2017-10-08 20:00:00,8.046583333333334
m29,2017-10-08 21:00:00,8.395250000001667
m29,2017-10-08 22:00:00,8.385972222221666
m29,2017-10-08 23:00:00,8.194083333333333
m29,2017-10-09 00:00:00,8.187500000005
m29,2017-10-09 01:00:00,8.388777777776665
m29,2017-10-09 02:00:00,8.264111111108333
m29,2017-10-09 03:00:00,8.217833333335
m29,2017-10-09 04:00:00,7.365583333335
m29,2017-10-09 05:00:00,8.36638888889
m29,2017-10-09 06:00:00,8.408805555553334
m29,2017-10-09 07:00:00,8.190861111113334
m29,2017-10-09 08:00:00,8.268111111113333
m29,2017-10-09 09:00:00,8.329583333335
m29,2017-10-09 10:00:00,8.275638888888333
m29,2017-10-09 11:00:00,8.232555555555
m29,2017-10-09 12:00:00,8.152694444445
m29,2017-10-09 13:00:00,8.328083333336666
m29,2017-10-09 14:00:00,8.081444444445001
m29,2017-10-09 15:00:00,8.28755555556
m29,2017-10-09 16:00:00,8.32075
m29,2017-10-09 17:00:00,8.109416666668332
m29,2017-10-09 18:00:00,8.117055555555
m29,2017-10-09 19:00:00,8.162000000003333
m29,2017-10-09 20:00:00,8.2835
m29,2017-10-09 21:00:00,7.4092222222216675
m29,2017-10-09 22:00:00,8.192694444441667
m29,2017-10-09 23:00:00,8.164861111110001
m29,2017-10-10 00:00:00,8.116333333331665
m29,2017-10-10 01:00:00,8.220777777775
m29,2017-10-10 02:00:00,8.328
m29,2017-10-10 03:00:00,8.577499999999999
m29,2017-10-10 04:00:00,8.383194444441667
m29,2017-10-10 05:00:00,8.294583333335
m29,2017-10-10 06:00:00,8.310694444446666
m29,2017-10-10 07:00:00,8.300416666668333
m29,2017-10-10 08:00:00,8.448416666663332
m29,2017-10-10 09:00:00,8.500166666665
m29,2017-10-10 10:00:00,8.39919444444
m29,2017-10-10 11:00:00,8.315833333333334
m29,2017-10-10 12:00:00,8.374638888888333
m29,2017-10-10 13:00:00,7.698777777775001
m29,2017-10-10 14:00:00,8.328138888888335
m29,2017-10-10 15:00:00,8.215277777778333
m29,2017-10-10 16:00:00,8.344277777775
m29,2017-10-10 17:00:00,8.251749999996667
m29,2017-10-10 18:00:00,8.1595
m29,2017-10-10 19:00:00,8.128111111111666
m29,2017-10-10 20:00:00,8.097444444443333
m29,2017-10-10 21:00:00,8.158805555558333
m29,2017-10-10 22:00:00,8.154749999998334
m29,2017-10-10 23:00:00,8.20238888889
m29,2017-10-11 00:00:00,8.183694444441667
m29,2017-10-11 01:00:00,8.258861111113333
m29,2017-10-11 02:00:00,8.106194444446666
m29,2017-10-11 03:00:00,8.135138888888333
m29,2017-10-11 04:00:00,8.166499999996667
m29,2017-10-11 05:00:00,8.255777777778333
m29,2017-10-11 06:00:00,7.222416666666667
m29,2017-10-11 07:00:00,8.228416666666666
m29,2017-10-11 08:00:00,8.368305555555
m29,2017-10-11 09:00:00,8.371444444441666
m29,2017-10-11 10:00:00,8.190805555556667
m29,2017-10-11 11:00:00,8.230777777778334
m29,2017-10-11 12:00:00,8.269499999998335
m29,2017-10-11 13:00:00,8.369305555553334
m29,2017-10-11 14:00:00,8.350000000001666
m29,2017-10-11 15:00:00,8.312861111111667
m29,2017-10-11 16:00:00,8.222916666666666
m29,2017-10-11 17:00:00,8.333000000003333
m29,2017-10-11 18:00:00,8.434055555553334
m29,2017-10-11 19:00:00,8.347111111113334
m29,2017-10-11 20:00:00,8.233527777775
m29,2017-10-11 21:00:00,8.343861111111668
m29,2017-10-11 22:00:00,8.157611111109999
m29,2017-10-11 23:00:00,7.414888888891666
m29,2017-10-12 00:00:00,8.342666666665
m29,2017-10-12 01:00:00,8.196694444448333
m29,2017-10-12 02:00:00,8.094138888885
m29,2017-10-12 03:00:00,8.18075
m29,2017-10-12 04:00:00,8.101194444445001
m29,2017-10-12 05:00:00,8.319833333333333
m29,2017-10-12 06:00:00,8.204611111110001
m29,2017-10-12 07:00:00,8.111527777776667
m29,2017-10-12 08:00:00,8.195750000001667
m29,2017-10-12 09:00:00,8.123611111106666
m29,2017-10-12 10:00:00,8.191972222223333
m29,2017-10-12 11:00:00,8.233305555556667
m29,2017-10-12 12:00:00,8.300861111111667
m29,2017-10-12 13:00:00,8.378388888883332
m29,2017-10-12 14:00:00,8.320694444445
m29,2017-10-12 15:00:00,8.104277777778334
m29,2017-10-12 16:00:00,7.895666666666667
m29,2017-10-12 17:00:00,8.170777777776667
m29,2017-10-12 18:00:00,8.276361111111667
m29,2017-10-12 19:00:00,8.53113888889
m29,2017-10-12 20:00:00,8.455638888888334
m29,2017-10-12 21:00:00,8.357666666670001
m29,2017-10-12 22:00:00,8.418749999998333
m29,2017-10-12 23:00:00,8.186555555553333
m29,2017-10-13 00:00:00,8.321305555555
m29,2017-10-13 01:00:00,8.376916666665
m29,2017-10-13 02:00:00,8.223444444441666
m29,2017-10-13 03:00:00,8.39983333333
m29,2017-10-13 04:00:00,8.31561111111
m29,2017-10-13 05:00:00,8.181333333335
m29,2017-10-13 06:00:00,8.133888888881666
m29,2017-10-13 07:00:00,8.171444444445
m29,2017-10-13 08:00:00,7.539583333333334
m29,2017-10-13 09:00:00,8.205638888895
m29,2017-10-13 10:00:00,8.262499999998333
m29,2017-10-13 11:00:00,8.268583333326667
m29,2017-10-13 12:00:00,8.126416666665
m29,2017-10-13 13:00:00,8.258250000003333
m29,2017-10-13 14:00:00,8.166666666661666
m29,2017-10-13 15:00:00,8.247666666666667
m29,2017-10-13 16:00:00,8.330694444443333
m29,2017-10-13 17:00:00,8.076333333333332
m29,2017-10-13 18:00:00,8.423694444443333
m29,2017-10-13 19:00:00,8.404055555555
m29,2017-10-13 20:00:00,8.267166666665
m29,2017-10-13 21:00:00,8.36780555556
m29,2017-10-13 22:00:00,8.24769444444
m29,2017-10-13 23:00:00,8.389388888888332
m29,2017-10-14 00:00:00,8.34152777778
m29,2017-10-14 01:00:00,7.544944444443333
m29,2017-10-14 02:00:00,8.296666666668333
m29,2017-10-14 03:00:00,8.215361111110001
m29,2017-10-14 04:00:00,8.348055555553334
m29,2017-10-14 05:00:00,8.394944444444999
m29,2017-10-14 06:00:00,8.372777777775001
m29,2017-10-14 07:00:00,8.357833333333334
m29,2017-10-14 08:00:00,8.11188888889
m29,2017-10-14 09:00:00,8.329833333331667
m29,2017-10-14 10:00:00,8.24069444444
m29,2017-10-14 11:00:00,8.089111111111666
m29,2017-10-14 12:00:00,8.369361111108335
m29,2017-10-14 13:00:00,8.18622222222
m29,2017-10-14 14:00:00,8.251499999998334
m29,2017-10-14 15:00:00,8.237027777775001
m29,2017-10-14 16:00:00,8.087694444441667
m29,2017-10-14 17:00:00,8.101527777778333
m29,2017-10-14 18:00:00,7.516444444446666
m29,2017-10-14 19:00:00,8.077833333335
m29,2017-10-14 20:00:00,8.125694444443333
m29,2017-10-14 21:00:00,8.149194444446668
m29,2017-10-14 22:00:00,8.118999999998334
m29,2017-10-14 23:00:00,8.37347222222
m29,2017-10-15 00:00:00,8.572055555553334
m29,2017-10-15 01:00:00,8.517583333336667
m29,2017-10-15 02:00:00,8.506499999998333
m29,2017-10-15 03:00:00,8.468111111111666
m29,2017-10-15 04:00:00,8.516472222228334
m29,2017-10-15 05:00:00,8.295097222226667
m29,2017-10-15 06:00:00,8.245791666668334
m29,2017-10-15 07:00:00,7.901138888888334
m29,2017-10-15 08:00:00,8.209444444446667
m29,2017-10-15 09:00:00,8.392083333331666
m29,2017-10-15 10:00:00,7.364722222221667
m29,2017-10-15 11:00:00,8.195194444446667
m29,2017-10-15 12:00:00,8.038305555558333
m29,2017-10-15 13:00:00,8.21863888889
m29,2017-10-15 14:00:00,8.14269444444
m29,2017-10-15 15:00:00,8.23086111111
m29,2017-10-15 16:00:00,8.427361111111667
m29,2017-10-15 17:00:00,8.191083333333333
m29,2017-10-15 18:00:00,8.312444444441667
m29,2017-10-15 19:00:00,8.472666666661667
m29,2017-10-15 20:00:00,8.133416666666667
m29,2017-10-15 21:00:00,8.251277777778334
m29,2017-10-15 22:00:00,8.094750000001666
m29,2017-10-15 23:00:00,8.083694444445
m29,2017-10-16 00:00:00,8.24386111111
m29,2017-10-16 01:00:00,8.235333333331667
m29,2017-10-16 02:00:00,7.997472222218334
m29,2017-10-16 03:00:00,7.465888888886667
m29,2017-10-16 04:00:00,8.16663888889
m29,2017-10-16 05:00:00,8.53283333333
m29,2017-10-16 06:00:00,8.577916666665
m29,2017-10-16 07:00:00,8.580583333331667
m29,2017-10-16 08:00:00,8.689361111110001
m29,2017-10-16 09:00:00,8.228861111111666
m29,2017-10-16 10:00:00,8.532138888888333
m29,2017-10-16 11:00:00,8.33688888889
m29,2017-10-16 12:00:00,8.163166666666667
m29,2017-10-16 13:00:00,8.23577777778
m29,2017-10-16 14:00:00,8.204083333338334
m29,2017-10-16 15:00:00,8.294638888888334
m29,2017-10-16 16:00:00,8.184944444441667
m29,2017-10-16 17:00:00,8.237416666668333
m29,2017-10-16 18:00:00,8.442166666664999
m29,2017-10-16 19:00:00,7.577083333331667
m29,2017-10-16 20:00:00,8.235194444445
m29,2017-10-16 21:00:00,8.150361111111668
m29,2017-10-16 22:00:00,8.061166666668333
m29,2017-10-16 23:00:00,8.067749999995
m29,2017-10-17 00:00:00,8.021444444446667
m29,2017-10-17 01:00:00,7.9962499999966665
m29,2017-10-17 02:00:00,8.197944444441667
m29,2017-10-17 03:00:00,8.074638888895
m29,2017-10-17 04:00:00,8.057111111113333
m29,2017-10-17 05:00:00,8.100722222223332
m29,2017-10-17 06:00:00,8.346555555558334
m29,2017-10-17 07:00:00,8.08647222222
m29,2017-10-17 08:00:00,8.071750000001666
m29,2017-10-17 09:00:00,8.130055555555
m29,2017-10-17 10:00:00,8.264527777778333
m29,2017-10-17 11:00:00,8.468916666665
m29,2017-10-17 12:00:00,7.670249999996667
m29,2017-10-17 13:00:00,8.335500000001666
m29,2017-10-17 14:00:00,8.132750000005
m29,2017-10-17 15:00:00,8.328638888888333
m29,2017-10-17 16:00:00,8.283194444443334
m29,2017-10-17 17:00:00,8.117277777778334
m29,2017-10-17 18:00:00,8.335194444441667
m29,2017-10-17 19:00:00,8.34011111111
m29,2017-10-17 20:00:00,8.151222222223334
m29,2017-10-17 21:00:00,8.138611111115
m29,2017-10-17 22:00:00,8.283055555556667
m29,2017-10-17 23:00:00,8.390083333333333
m29,2017-10-18 00:00:00,8.417333333331666
m29,2017-10-18 01:00:00,8.234083333335
m29,2017-10-18 02:00:00,8.333805555556667
m29,2017-10-18 03:00:00,8.386499999998334
m29,2017-10-18 04:00:00,7.780722222221667
m29,2017-10-18 05:00:00,8.170361111110001
m29,2017-10-18 06:00:00,8.31488888889
m29,2017-10-18 07:00:00,8.36372222222
m29,2017-10-18 08:00:00,8.432833333333333
m29,2017-10-18 09:00:00,8.355416666663334
m29,2017-10-18 10:00:00,8.25675
m29,2017-10-18 11:00:00,8.151749999998334
m29,2017-10-18 12:00:00,8.302166666665
m29,2017-10-18 13:00:00,8.210333333334999
m29,2017-10-18 14:00:00,8.156944444443333
m29,2017-10-18 15:00:00,8.332833333335
m29,2017-10-18 16:00:00,8.248888888886666
m29,2017-10-18 17:00:00,8.367277777778334
m29,2017-10-18 18:00:00,8.391527777776666
m29,2017-10-18 19:00:00,8.24580555556
m29,2017-10-18 20:00:00,8.17361111111
m29,2017-10-18 21:00:00,7.515805555561667
m29,2017-10-18 22:00:00,8.324611111106666
m29,2017-10-18 23:00:00,8.103388888888334
m29,2017-10-19 00:00:00,8.268333333331666
m29,2017-10-19 01:00:00,8.153555555556666
m29,2017-10-19 02:00:00,8.31383333333
m29,2017-10-19 03:00:00,8.15891666667
m29,2017-10-19 04:00:00,8.17333333333
m29,2017-10-19 05:00:00,8.192083333328334
m29,2017-10-19 06:00:00,8.100111111108333
m29,2017-10-19 07:00:00,8.272166666658332
m29,2017-10-19 08:00:00,8.058833333333334
m29,2017-10-19 09:00:00,8.120027777776667
m29,2017-10-19 10:00:00,8.056916666666668
m29,2017-10-19 11:00:00,8.129138888893333
m29,2017-10-19 12:00:00,8.210583333335
m29,2017-10-19 13:00:00,8.051027777775
m29,2017-10-19 14:00:00,7.23963888889
m29,2017-10-19 15:00:00,8.20638888889
m29,2017-10-19 16:00:00,8.07511111111
m29,2017-10-19 17:00:00,8.111583333336666
m29,2017-10-19 18:00:00,8.072916666668332
m29,2017-10-19 19:00:00,8.112722222223333
m29,2017-10-19 20:00:00,7.982222222221667
m29,2017-10-19 21:00:00,8.277444444443335
m29,2017-10-19 22:00:00,8.287583333333334
m29,2017-10-19 23:00:00,8.261972222223333
m29,2017-10-20 00:00:00,8.279388888888333
m29,2017-10-20 01:00:00,8.299388888888334
m29,2017-10-20 02:00:00,8.24425
m29,2017-10-20 03:00:00,8.276166666665
m29,2017-10-20 04:00:00,8.267250000003333
m29,2017-10-20 05:00:00,7.984583333333333
m29,2017-10-20 06:00:00,7.8145
m29,2017-10-20 07:00:00,7.230777777775001
m29,2017-10-20 08:00:00,8.118305555555
m29,2017-10-20 09:00:00,8.188388888886667
m29,2017-10-20 10:00:00,7.748222222221667
m29,2017-10-20 11:00:00,8.216916666671667
m29,2017-10-20 12:00:00,8.190666666678334
m29,2017-10-20 13:00:00,8.207166666658333
m29,2017-10-20 14:00:00,8.099166666671668
m29,2017-10-20 15:00:00,8.142555555553333
m29,2017-10-20 16:00:00,8.107555555556667
m29,2017-10-20 17:00:00,7.9986666666633335
m29,2017-10-20 18:00:00,8.122944444438334
m29,2017-10-20 19:00:00,8.023416666666666
m29,2017-10-20 20:00:00,8.045666666668334
m29,2017-10-20 21:00:00,8.179527777775
m29,2017-10-20 22:00:00,8.215000000005
m29,2017-10-20 23:00:00,8.15330555556
m29,2017-10-21 00:00:00,7.293361111108334
m29,2017-10-21 01:00:00,8.053388888885
m29,2017-10-21 02:00:00,8.302694444445
m29,2017-10-21 03:00:00,8.403361111105001
m29,2017-10-21 04:00:00,8.381888888886667
m29,2017-10-21 05:00:00,8.29863888889
m29,2017-10-21 06:00:00,8.415305555558334
m29,2017-10-21 07:00:00,8.356319444446667
m29,2017-10-21 08:00:00,8.375624999998333
m29,2017-10-21 09:00:00,8.211888888888334
m29,2017-10-21 10:00:00,8.19413888889
m29,2017-10-21 11:00:00,8.192805555553333
m29,2017-10-21 12:00:00,8.19158333333
m29,2017-10-21 13:00:00,8.167444444445
m29,2017-10-21 14:00:00,8.247277777776667
m29,2017-10-21 15:00:00,8.353305555555
m29,2017-10-21 16:00:00,7.573055555553334
m29,2017-10-21 17:00:00,8.174499999998334
m29,2017-10-21 18:00:00,8.295361111110001
m29,2017-10-21 19:00:00,8.304513888885
m29,2017-10-21 20:00:00,8.088624999998334
m29,2017-10-21 21:00:00,8.229944444438333
m29,2017-10-21 22:00:00,8.178861111113333
m29,2017-10-21 23:00:00,8.053944444448334
m29,2017-10-22 00:00:00,8.120916666666666
m29,2017-10-22 01:00:00,8.055333333333333
m29,2017-10-22 02:00:00,8.222138888886667
m29,2017-10-22 03:00:00,8.103972222221667
m29,2017-10-22 04:00:00,8.060250000001666
m29,2017-10-22 05:00:00,8.122083333333332
m29,2017-10-22 06:00:00,7.993750000005
m29,2017-10-22 07:00:00,8.164222222223334
m29,2017-10-22 08:00:00,8.354583333335
m29,2017-10-22 09:00:00,7.509666666665
m29,2017-10-22 10:00:00,8.243861111108334
m29,2017-10-22 11:00:00,8.238944444446666
m29,2017-10-22 12:00:00,8.20444444444
m29,2017-10-22 13:00:00,8.366194444448332
m29,2017-10-22 14:00:00,8.30375
m29,2017-10-22 15:00:00,8.138083333333334
m29,2017-10-22 16:00:00,8.085583333335
m29,2017-10-22 17:00:00,8.192333333331668
m29,2017-10-22 18:00:00,8.113750000001666
m29,2017-10-22 19:00:00,8.261861111103334
m29,2017-10-22 20:00:00,8.11191666667
m29,2017-10-22 21:00:00,8.175000000003333
m29,2017-10-22 22:00:00,8.13377777778
m29,2017-10-22 23:00:00,8.155250000001667
m29,2017-10-23 00:00:00,8.073083333333333
m29,2017-10-23 01:00:00,8.10813888889
m29,2017-10-23 02:00:00,7.277638888885
m29,2017-10-23 03:00:00,8.040249999995
m29,2017-10-23 04:00:00,8.146777777781667
m29,2017-10-23 05:00:00,8.059638888891666
m29,2017-10-23 06:00:00,8.034194444448334
m29,2017-10-23 07:00:00,8.111055555556666
m29,2017-10-23 08:00:00,8.058833333335
m29,2017-10-23 09:00:00,8.01408333333
m29,2017-10-23 10:00:00,8.105416666663334
m29,2017-10-23 11:00:00,7.973722222225001
m29,2017-10-23 12:00:00,8.006583333333333
m29,2017-10-23 13:00:00,8.328083333333334
m29,2017-10-23 14:00:00,8.276416666663334
m29,2017-10-23 15:00:00,8.310833333333333
m29,2017-10-23 16:00:00,8.046194444443334
m29,2017-10-23 17:00:00,8.287666666668333
m29,2017-10-23 18:00:00,8.277250000005
m29,2017-10-23 19:00:00,7.331083333335
m29,2017-10-23 20:00:00,8.087527777778332
m29,2017-10-23 21:00:00,8.353
m29,2017-10-23 22:00:00,8.139472222221666
m29,2017-10-23 23:00:00,8.306666666668333
m29,2017-10-24 00:00:00,8.246805555556667
m29,2017-10-24 01:00:00,8.145888888886667
m29,2017-10-24 02:00:00,8.423194444438334
m29,2017-10-24 03:00:00,8.239111111111667
m29,2017-10-24 04:00:00,8.128444444443334
m29,2017-10-24 05:00:00,8.216888888888333
m29,2017-10-24 06:00:00,8.145861111106667
m29,2017-10-24 07:00:00,8.072444444446667
m29,2017-10-24 08:00:00,8.142000000001667
m29,2017-10-24 09:00:00,8.233166666666667
m29,2017-10-24 10:00:00,8.099916666665
m29,2017-10-24 11:00:00,7.419583333333334
m29,2017-10-24 12:00:00,8.1085
m29,2017-10-24 13:00:00,8.116472222221667
m29,2017-10-24 14:00:00,8.13702777778
m29,2017-10-24 15:00:00,8.105666666668334
m29,2017-10-24 16:00:00,8.03988888889
m29,2017-10-24 17:00:00,8.217944444443333
m29,2017-10-24 18:00:00,8.158527777776667
m29,2017-10-24 19:00:00,8.284250000001666
m29,2017-10-24 20:00:00,8.407861111111666
m29,2017-10-24 21:00:00,8.311611111108332
m29,2017-10-24 22:00:00,8.235472222225
m29,2017-10-24 23:00:00,8.289000000001668
m29,2017-10-25 00:00:00,8.059055555551668
m29,2017-10-25 01:00:00,8.098194444443333
m29,2017-10-25 02:00:00,8.267805555558333
m29,2017-10-25 03:00:00,8.193305555555
m29,2017-10-25 04:00:00,7.434861111113333
m29,2017-10-25 05:00:00,8.428444444446667
m29,2017-10-25 06:00:00,8.331277777781667
m29,2017-10-25 07:00:00,8.30091666667
m29,2017-10-25 08:00:00,8.095638888888333
m29,2017-10-25 09:00:00,8.127527777778333
m29,2017-10-25 10:00:00,8.093472222221667
m29,2017-10-25 11:00:00,8.168333333333333
m29,2017-10-25 12:00:00,8.109472222226666
m29,2017-10-25 13:00:00,8.089555555556666
m29,2017-10-25 14:00:00,7.892861111105001
m29,2017-10-25 15:00:00,8.305999999993334
m29,2017-10-25 16:00:00,8.103444444443333
m29,2017-10-25 17:00:00,8.117138888886666
m29,2017-10-25 18:00:00,8.12655555556
m29,2017-10-25 19:00:00,8.040374999996667
m29,2017-10-25 20:00:00,8.062708333335
m29,2017-10-25 21:00:00,2.881083333332833
m29,2017-10-25 22:00:00,0.2951666666668333
m29,2017-10-25 23:00:00,0.30866666666683334
m29,2017-10-26 00:00:00,9.902111111098666
m29,2017-10-26 01:00:00,18.441083333345
m29,2017-10-26 02:00:00,19.058138888861667
m29,2017-10-26 03:00:00,19.533972222205
m29,2017-10-26 04:00:00,17.828305555526665
m29,2017-10-26 05:00:00,8.0441388888735
m29,2017-10-26 06:00:00,29.319138888866668
m29,2017-10-26 07:00:00,27.933027777811667
m29,2017-10-26 08:00:00,29.235333333350003
m29,2017-10-26 09:00:00,27.591333333338333
m29,2017-10-26 10:00:00,29.571055555566666
m29,2017-10-26 11:00:00,27.940611111109998
m29,2017-10-26 12:00:00,25.724416666678334
m29,2017-10-26 13:00:00,29.587361111099998
m29,2017-10-26 14:00:00,12.86855555559
m29,2017-10-26 15:00:00,29.18730555556667
m29,2017-10-26 16:00:00,26.699444444461665
m29,2017-10-26 17:00:00,29.215083333316667
m29,2017-10-26 18:00:00,28.29380555556167
m29,2017-10-26 19:00:00,28.296638888893334
m29,2017-10-26 20:00:00,28.972777777761667
m29,2017-10-26 21:00:00,22.546388888817333
m29,2017-10-26 22:00:00,29.664444444483333
m29,2017-10-26 23:00:00,28.757472222249998
m29,2017-10-27 00:00:00,29.641138888916664
m29,2017-10-27 01:00:00,28.57477777775
m29,2017-10-27 02:00:00,28.516138888888335
m29,2017-10-27 03:00:00,28.874944444471666
m29,2017-10-27 04:00:00,27.65569444445
m29,2017-10-27 05:00:00,29.634416666683332
m29,2017-10-27 06:00:00,27.749750000056668
m29,2017-10-27 07:00:00,29.715972222183332
m29,2017-10-27 08:00:00,27.44722222225617
m29,2017-10-27 09:00:00,28.422750000033332
m29,2017-10-27 10:00:00,29.827861111116665
m29,2017-10-27 11:00:00,26.70280555553833
m29,2017-10-27 12:00:00,30.66780555555
m29,2017-10-27 13:00:00,27.972750000005
m29,2017-10-27 14:00:00,29.5541111111
m29,2017-10-27 15:00:00,26.995722222183336
m29,2017-10-27 16:00:00,26.849722222193336
m29,2017-10-27 17:00:00,29.37700000001667
m29,2017-10-27 18:00:00,28.094638888871668
m29,2017-10-27 19:00:00,29.664666666683335
m29,2017-10-27 20:00:00,27.857972222245
m29,2017-10-27 21:00:00,28.876638888916666
m29,2017-10-27 22:00:00,27.73488888892833
m29,2017-10-27 23:00:00,28.066861111090002
m29,2017-10-28 00:00:00,30.037999999983334
m29,2017-10-28 01:00:00,28.69027777774
m29,2017-10-28 02:00:00,27.106722222227834
m29,2017-10-28 03:00:00,27.940083333345
m29,2017-10-28 04:00:00,29.244194444433333
m29,2017-10-28 05:00:00,28.747472222266666
m29,2017-10-28 06:00:00,14.06530555555
m29,2017-10-28 07:00:00,4.411305555558333
m29,2017-10-28 08:00:00,4.469722222223334
m29,2017-10-28 09:00:00,4.45225
m29,2017-10-28 10:00:00,4.408805555555
m29,2017-10-28 11:00:00,4.398694444445
m29,2017-10-28 12:00:00,4.4295277777783335
m29,2017-10-28 13:00:00,4.405722222226667
m29,2017-10-28 14:00:00,4.415416666663333
m29,2017-10-28 15:00:00,4.409444444443333
m29,2017-10-28 16:00:00,4.344944444449999
m29,2017-10-28 17:00:00,4.33436111111
m29,2017-10-28 18:00:00,4.405027777778333
m29,2017-10-28 19:00:00,4.370444444443334
m29,2017-10-28 20:00:00,4.3648888888899995
m29,2017-10-28 21:00:00,4.352333333333333
m29,2017-10-28 22:00:00,4.326833333335
m29,2017-10-28 23:00:00,4.364416666668333
m29,2017-10-29 00:00:00,4.360944444445
m29,2017-10-29 01:00:00,4.428888888886666
m29,2017-10-29 02:00:00,4.364833333333333
m29,2017-10-29 03:00:00,4.334916666661667
m29,2017-10-29 04:00:00,4.2609444444483335
m29,2017-10-29 05:00:00,4.298583333333334
m29,2017-10-29 06:00:00,4.284944444445
m29,2017-10-29 07:00:00,4.3737500000016665
m29,2017-10-29 08:00:00,4.305805555556666
m29,2017-10-29 09:00:00,4.265638888893333
m29,2017-10-29 10:00:00,4.325777777778333
m29,2017-10-29 11:00:00,4.298083333335
m29,2017-10-29 12:00:00,4.278499999998333
m29,2017-10-29 13:00:00,4.31025
m29,2017-10-29 14:00:00,4.234138888888333
m29,2017-10-29 15:00:00,4.294777777773334
m29,2017-10-29 16:00:00,4.239611111113333
m29,2017-10-29 17:00:00,4.308194444444999
m29,2017-10-29 18:00:00,4.255166666665
m29,2017-10-29 19:00:00,4.3019444444433335
m29,2017-10-29 20:00:00,4.339250000003333
m29,2017-10-29 21:00:00,4.290388888886667
m29,2017-10-29 22:00:00,4.1507499999999995
m29,2017-10-29 23:00:00,4.275250000001666
m29,2017-10-30 00:00:00,
m29,2017-10-30 01:00:00,
m29,2017-10-30 02:00:00,
m29,2017-10-30 03:00:00,
m29,2017-10-30 04:00:00,
m29,2017-10-30 05:00:00,
m29,2017-10-30 06:00:00,
m29,2017-10-30 07:00:00,
m29,2017-10-30 08:00:00,
m29,2017-10-30 09:00:00,
m29,2017-10-30 10:00:00,
m29,2017-10-30 11:00:00,
m29,2017-10-30 12:00:00,
m29,2017-10-30 13:00:00,
m29,2017-10-30 14:00:00,
m29,2017-10-30 15:00:00,
m29,2017-10-30 16:00:00,
m29,2017-10-30 17:00:00,
m29,2017-10-30 18:00:00,
m29,2017-10-30 19:00:00,
m29,2017-10-30 20:00:00,
m29,2017-10-30 21:00:00,
m29,2017-10-30 22:00:00,
m29,2017-10-30 23:00:00,
m29,2017-10-31 00:00:00,4.268055555558333
m29,2017-10-31 01:00:00,4.344638888893333
m29,2017-10-31 02:00:00,4.246805555555
m29,2017-10-31 03:00:00,4.226944444445
m29,2017-10-31 04:00:00,4.204694444445
m29,2017-10-31 05:00:00,4.286027777775001
m29,2017-10-31 06:00:00,4.25461111111
m29,2017-10-31 07:00:00,4.298611111111667
m29,2017-10-31 08:00:00,4.324805555556667
m29,2017-10-31 09:00:00,4.612333333331667
m29,2017-10-31 10:00:00,4.17194444444
m29,2017-10-31 11:00:00,4.301222222223333
m29,2017-10-31 12:00:00,4.229944444448333
m29,2017-10-31 13:00:00,4.254888888888333
m29,2017-10-31 14:00:00,4.276416666663334
m29,2017-10-31 15:00:00,4.2678611111133335
m29,2017-10-31 16:00:00,4.158611111111666
m29,2017-10-31 17:00:00,4.17863888889
m29,2017-10-31 18:00:00,4.182944444445
m29,2017-10-31 19:00:00,4.19958333333
m29,2017-10-31 20:00:00,4.190499999998333
m29,2017-10-31 21:00:00,4.23372222222
m29,2017-10-31 22:00:00,4.200166666666666
m29,2017-10-31 23:00:00,4.193388888891667
m29,2017-11-01 00:00:00,4.258833333336667
m29,2017-11-01 01:00:00,4.24802777778
m29,2017-11-01 02:00:00,4.250416666663333
m29,2017-11-01 03:00:00,4.228111111113333
m29,2017-11-01 04:00:00,4.1995555555549995
m29,2017-11-01 05:00:00,4.277638888891667
m29,2017-11-01 06:00:00,4.281527777775
m29,2017-11-01 07:00:00,4.26666666667
m29,2017-11-01 08:00:00,4.360972222216666
m29,2017-11-01 09:00:00,4.346083333335
m29,2017-11-01 10:00:00,4.197972222221667
m29,2017-11-01 11:00:00,4.2995833333333335
m29,2017-11-01 12:00:00,4.259361111108333
m29,2017-11-01 13:00:00,4.312083333331667
m29,2017-11-01 14:00:00,4.340083333333333
m29,2017-11-01 15:00:00,4.3375555555566665
m29,2017-11-01 16:00:00,4.219166666665
m29,2017-11-01 17:00:00,4.304361111113334
m29,2017-11-01 18:00:00,4.273916666666667
m29,2017-11-01 19:00:00,4.278499999998333
m29,2017-11-01 20:00:00,0.7039444444451667
m29,2017-11-01 21:00:00,0.28411111111083337
m29,2017-11-01 22:00:00,0.2957500000001667
m29,2017-11-01 23:00:00,0.6799722222233334
m29,2017-11-02 00:00:00,0.31325000000000003
m29,2017-11-02 01:00:00,0.35438888888866665
m29,2017-11-02 02:00:00,0.35730555555533333
m29,2017-11-02 03:00:00,0.3626944444445
m29,2017-11-02 04:00:00,0.33847222222216666
m29,2017-11-02 05:00:00,0.3639444444441667
m29,2017-11-02 06:00:00,0.4006944444448333
m29,2017-11-02 07:00:00,0.3956666666663333
m29,2017-11-02 08:00:00,0.40675000000033334
m29,2017-11-02 09:00:00,0.45877777777699996
m29,2017-11-02 10:00:00,0.3469166666666667
m29,2017-11-02 11:00:00,0.41575
m29,2017-11-02 12:00:00,0.4006111111108333
m29,2017-11-02 13:00:00,0.4240833333335
m29,2017-11-02 14:00:00,0.518305555554
m29,2017-11-02 15:00:00,0.3988611111111667
m29,2017-11-02 16:00:00,0.3638333333331667
m29,2017-11-02 17:00:00,0.3657777777776667
m29,2017-11-02 18:00:00,0.354305555556
m29,2017-11-02 19:00:00,0.39038888888900003
m29,2017-11-02 20:00:00,0.4093055555553333
m29,2017-11-02 21:00:00,0.39624999999966665
m29,2017-11-02 22:00:00,0.3420555555555
m29,2017-11-02 23:00:00,0.427888888889
m29,2017-11-03 00:00:00,0.428027777778
m29,2017-11-03 01:00:00,0.6178611111119999
m29,2017-11-03 02:00:00,0.4158055555556667
m29,2017-11-03 03:00:00,0.4134166666658333
m29,2017-11-03 04:00:00,0.39708333333333334
m29,2017-11-03 05:00:00,0.41283333333350003
m29,2017-11-03 06:00:00,0.3707500000001666
m29,2017-11-03 07:00:00,0.4403888888886666
m29,2017-11-03 08:00:00,0.4262222222223333
m29,2017-11-03 09:00:00,0.44450000000016665
m29,2017-11-03 10:00:00,0.45111111111116664
m29,2017-11-03 11:00:00,0.4633888888891667
m29,2017-11-03 12:00:00,0.48594444444449997
m29,2017-11-03 13:00:00,0.5045833333335
m29,2017-11-03 14:00:00,0.426
m29,2017-11-03 15:00:00,0.5564722222215
m29,2017-11-03 16:00:00,0.43752777777783336
m29,2017-11-03 17:00:00,0.4038333333338333
m29,2017-11-03 18:00:00,0.474277777779
m29,2017-11-03 19:00:00,0.4243611111118334
m29,2017-11-03 20:00:00,0.49863888888900004
m29,2017-11-03 21:00:00,0.5392222222225
m29,2017-11-03 22:00:00,0.5106944444441667
m29,2017-11-03 23:00:00,0.4785555555555
m29,2017-11-04 00:00:00,0.49438888888883337
m29,2017-11-04 01:00:00,0.5203611111111667
m29,2017-11-04 02:00:00,0.5071944444443334
m29,2017-11-04 03:00:00,0.5281944444451666
m29,2017-11-04 04:00:00,0.4000833333335
m29,2017-11-04 05:00:00,0.4588333333335
m29,2017-11-04 06:00:00,0.46738888888883334
m29,2017-11-04 07:00:00,0.42997222222233333
m29,2017-11-04 08:00:00,0.38625000000049997
m29,2017-11-04 09:00:00,0.4086666666666667
m29,2017-11-04 10:00:00,0.3968888888893333
m29,2017-11-04 11:00:00,0.3955277777775
m29,2017-11-04 12:00:00,0.411
m29,2017-11-04 13:00:00,0.4021944444445
m29,2017-11-04 14:00:00,0.3581944444443333
m29,2017-11-04 15:00:00,0.4290555555558333
m29,2017-11-04 16:00:00,0.38911111111116664
m29,2017-11-04 17:00:00,0.3967500000001667
m29,2017-11-04 18:00:00,0.37116666666666664
m29,2017-11-04 19:00:00,0.39799999999999996
m29,2017-11-04 20:00:00,0.4086527777778333
m29,2017-11-04 21:00:00,0.48562499999933334
m29,2017-11-04 22:00:00,0.4070277777776667
m29,2017-11-04 23:00:00,0.4126944444446667
m29,2017-11-05 00:00:00,0.4372222222225
m29,2017-11-05 01:00:00,0.4320277777775
m29,2017-11-05 02:00:00,0.413277777778
m29,2017-11-05 03:00:00,0.38855555555599997
m29,2017-11-05 04:00:00,0.38052777777766666
m29,2017-11-05 05:00:00,0.4234166666663333
m29,2017-11-05 06:00:00,0.40541666666649995
m29,2017-11-05 07:00:00,0.34791666666683335
m29,2017-11-05 08:00:00,0.44005555555566667
m29,2017-11-05 09:00:00,0.42725
m29,2017-11-05 10:00:00,0.39794444444466665
m29,2017-11-05 11:00:00,0.37752777777766666
m29,2017-11-05 12:00:00,0.38311111111150004
m29,2017-11-05 13:00:00,0.3951944444441667
m29,2017-11-05 14:00:00,0.45463888888866666
m29,2017-11-05 15:00:00,0.4411944444445
m29,2017-11-05 16:00:00,0.4537222222221667
m29,2017-11-05 17:00:00,0.40886111111116663
m29,2017-11-05 18:00:00,0.41536111111100005
m29,2017-11-05 19:00:00,0.42083333333333334
m29,2017-11-05 20:00:00,0.42686111111133335
m29,2017-11-05 21:00:00,0.46524999999983335
m29,2017-11-05 22:00:00,0.4329166666668333
m29,2017-11-05 23:00:00,0.4170277777775
m29,2017-11-06 00:00:00,0.4205833333335
m29,2017-11-06 01:00:00,0.41797222222183333
m29,2017-11-06 02:00:00,0.46200000000016667
m29,2017-11-06 03:00:00,0.43625
m29,2017-11-06 04:00:00,0.5190277777778334
m29,2017-11-06 05:00:00,0.42755555555566666
m29,2017-11-06 06:00:00,0.463611111111
m29,2017-11-06 07:00:00,0.4194444444445
m29,2017-11-06 08:00:00,0.4501666666668333
m29,2017-11-06 09:00:00,0.45991666666683334
m29,2017-11-06 10:00:00,0.4653333333333334
m29,2017-11-06 11:00:00,0.6992777777768333
m29,2017-11-06 12:00:00,0.4625555555556667
m29,2017-11-06 13:00:00,0.46905555555550005
m29,2017-11-06 14:00:00,0.5743055555548333
m29,2017-11-06 15:00:00,0.5963333333340001
m29,2017-11-06 16:00:00,0.5288055555551667
m29,2017-11-06 17:00:00,0.4985833333333333
m29,2017-11-06 18:00:00,0.49363888888866664
m29,2017-11-06 19:00:00,0.6425555555556667
m29,2017-11-06 20:00:00,0.524194444444
m29,2017-11-06 21:00:00,0.5524722222226667
m29,2017-11-06 22:00:00,0.4869166666663334
m29,2017-11-06 23:00:00,0.5280833333336666
m29,2017-11-07 00:00:00,0.528583333332
m29,2017-11-07 01:00:00,0.5019722222215
m29,2017-11-07 02:00:00,0.5144722222221667
m29,2017-11-07 03:00:00,0.4760555555556667
m29,2017-11-07 04:00:00,0.6458611111113334
m29,2017-11-07 05:00:00,0.48188888888933334
m29,2017-11-07 06:00:00,0.49763888888933333
m29,2017-11-07 07:00:00,0.5406111111115001
m29,2017-11-07 08:00:00,0.5078333333333334
m29,2017-11-07 09:00:00,0.50925
m29,2017-11-07 10:00:00,0.5453055555555
m29,2017-11-07 11:00:00,0.48869444444399995
m29,2017-11-07 12:00:00,0.48225
m29,2017-11-07 13:00:00,0.486249999999
m29,2017-11-07 14:00:00,0.4374722222225
m29,2017-11-07 15:00:00,0.3962777777781667
m29,2017-11-07 16:00:00,0.5176944444435
m29,2017-11-07 17:00:00,0.4733333333335
m29,2017-11-07 18:00:00,0.42255555555583335
m29,2017-11-07 19:00:00,0.5717222222224999
m29,2017-11-07 20:00:00,5.078861111117334
m29,2017-11-07 21:00:00,20.21408333331667
m29,2017-11-07 22:00:00,20.177805555583333
m29,2017-11-07 23:00:00,20.060833333333335
m29,2017-11-08 00:00:00,19.99280555555
m29,2017-11-08 01:00:00,24.046527777816667
m29,2017-11-08 02:00:00,27.243472222216667
m29,2017-11-08 03:00:00,27.643750000016666
m29,2017-11-08 04:00:00,27.680666666666664
m29,2017-11-08 05:00:00,27.51111111115
m29,2017-11-08 06:00:00,28.011305555533333
m29,2017-11-08 07:00:00,27.767694444533333
m29,2017-11-08 08:00:00,27.693833333333334
m29,2017-11-08 09:00:00,27.3496111111
m29,2017-11-08 10:00:00,27.30216666665
m29,2017-11-08 11:00:00,24.29886111118333
m29,2017-11-08 12:00:00,11.60133333335
m29,2017-11-08 13:00:00,13.690444444399999
m29,2017-11-08 14:00:00,12.720370370408888
m29,2017-11-08 15:00:00,
m29,2017-11-08 16:00:00,
m29,2017-11-08 17:00:00,
m29,2017-11-08 18:00:00,
m29,2017-11-08 19:00:00,
m29,2017-11-08 20:00:00,
m29,2017-11-08 21:00:00,
m29,2017-11-08 22:00:00,
m29,2017-11-08 23:00:00,
m29,2017-11-09 00:00:00,
m29,2017-11-09 01:00:00,
m29,2017-11-09 02:00:00,
m29,2017-11-09 03:00:00,
m29,2017-11-09 04:00:00,
m29,2017-11-09 05:00:00,
m29,2017-11-09 06:00:00,
m29,2017-11-09 07:00:00,
m29,2017-11-09 08:00:00,
m29,2017-11-09 09:00:00,
m29,2017-11-09 10:00:00,
m29,2017-11-09 11:00:00,
m29,2017-11-09 12:00:00,
m29,2017-11-09 13:00:00,
m29,2017-11-09 14:00:00,
m29,2017-11-09 15:00:00,
m29,2017-11-09 16:00:00,
m29,2017-11-09 17:00:00,
m29,2017-11-09 18:00:00,
m29,2017-11-09 19:00:00,
m29,2017-11-09 20:00:00,
m29,2017-11-09 21:00:00,
m29,2017-11-09 22:00:00,
m29,2017-11-09 23:00:00,
m29,2017-11-10 00:00:00,0.0
m29,2017-11-10 01:00:00,0.0
m29,2017-11-10 02:00:00,0.0
m29,2017-11-10 03:00:00,0.0
m29,2017-11-10 04:00:00,0.0
m29,2017-11-10 05:00:00,0.0
m29,2017-11-10 06:00:00,0.0
m29,2017-11-10 07:00:00,0.0
m29,2017-11-10 08:00:00,0.0
m29,2017-11-10 09:00:00,0.0
m29,2017-11-10 10:00:00,0.0
m29,2017-11-10 11:00:00,0.0
m29,2017-11-10 12:00:00,0.0
m29,2017-11-10 13:00:00,0.0
m29,2017-11-10 14:00:00,0.0
m29,2017-11-10 15:00:00,0.0
m29,2017-11-10 16:00:00,0.0
m29,2017-11-10 17:00:00,0.0
m29,2017-11-10 18:00:00,6.512249999988167
m29,2017-11-10 19:00:00,14.950694444465999
m29,2017-11-10 20:00:00,16.326388888872835
m29,2017-11-10 21:00:00,16.866361111123332
m29,2017-11-10 22:00:00,16.864555555605
m29,2017-11-10 23:00:00,16.597194444366668
m29,2017-11-11 00:00:00,16.55133333334
m29,2017-11-11 01:00:00,13.537055555548333
m29,2017-11-11 02:00:00,15.549777777776665
m29,2017-11-11 03:00:00,22.13152777775
m29,2017-11-11 04:00:00,22.426305555533336
m29,2017-11-11 05:00:00,22.36802777775
m29,2017-11-11 06:00:00,22.419361111066667
m29,2017-11-11 07:00:00,22.387
m29,2017-11-11 08:00:00,22.24336111115
m29,2017-11-11 09:00:00,22.30219444445
m29,2017-11-11 10:00:00,22.447194444466668
m29,2017-11-11 11:00:00,22.245222222266666
m29,2017-11-11 12:00:00,22.172305555566666
m29,2017-11-11 13:00:00,22.224861111116663
m29,2017-11-11 14:00:00,22.1345
m29,2017-11-11 15:00:00,22.10825
m29,2017-11-11 16:00:00,22.2296111111
m29,2017-11-11 17:00:00,22.311055555550002
m29,2017-11-11 18:00:00,22.187138888883332
m29,2017-11-11 19:00:00,22.09197222226667
m29,2017-11-11 20:00:00,22.8693888889
m29,2017-11-11 21:00:00,29.27088888886667
m29,2017-11-11 22:00:00,28.48091666665
m29,2017-11-11 23:00:00,14.4323888889
m29,2017-11-12 00:00:00,15.269833333316665
m29,2017-11-12 01:00:00,23.97238888896667
m29,2017-11-12 02:00:00,24.205583333333333
m29,2017-11-12 03:00:00,24.302972222233333
m29,2017-11-12 04:00:00,24.23961111111667
m29,2017-11-12 05:00:00,19.2681666666
m29,2017-11-12 06:00:00,14.085722222233333
m29,2017-11-12 07:00:00,18.998888888833335
m29,2017-11-12 08:00:00,28.688666666716664
m29,2017-11-12 09:00:00,28.897777777800002
m29,2017-11-12 10:00:00,28.95608333335
m29,2017-11-12 11:00:00,28.670111111116668
m29,2017-11-12 12:00:00,28.625722222216666
m29,2017-11-12 13:00:00,28.699527777816666
m29,2017-11-12 14:00:00,28.760861111066667
m29,2017-11-12 15:00:00,28.650749999966667
m29,2017-11-12 16:00:00,28.634888888899997
m29,2017-11-12 17:00:00,28.48583333331667
m29,2017-11-12 18:00:00,28.616805555533332
m29,2017-11-12 19:00:00,27.4314722222
m29,2017-11-12 20:00:00,28.097222222216665
m29,2017-11-12 21:00:00,28.430222222216667
m29,2017-11-12 22:00:00,24.365222222166665
m29,2017-11-12 23:00:00,17.083388888916666
m29,2017-11-13 00:00:00,22.05980555555
m29,2017-11-13 01:00:00,29.596777777733333
m29,2017-11-13 02:00:00,31.611111111150002
m29,2017-11-13 03:00:00,31.7777222222
m29,2017-11-13 04:00:00,31.263972222266666
m29,2017-11-13 05:00:00,29.15175
m29,2017-11-13 06:00:00,27.791861111133336
m29,2017-11-13 07:00:00,24.445777777783334
m29,2017-11-13 08:00:00,22.825805555566667
m29,2017-11-13 09:00:00,26.260333333349998
m29,2017-11-13 10:00:00,37.65591666665
m29,2017-11-13 11:00:00,33.27402777776667
m29,2017-11-13 12:00:00,22.847722222250002
m29,2017-11-13 13:00:00,22.858305555583335
m29,2017-11-13 14:00:00,22.488472222183336
m29,2017-11-13 15:00:00,23.797999999983332
m29,2017-11-13 16:00:00,26.737861111066664
m29,2017-11-13 17:00:00,26.019500000033336
m29,2017-11-13 18:00:00,19.6323611111
m29,2017-11-13 19:00:00,26.2024722222
m29,2017-11-13 20:00:00,16.07480555555
m29,2017-11-13 21:00:00,12.885499999983333
m29,2017-11-13 22:00:00,12.886861111133333
m29,2017-11-13 23:00:00,16.8969166667
m29,2017-11-14 00:00:00,27.380777777749998
m29,2017-11-14 01:00:00,27.057166666683333
m29,2017-11-14 02:00:00,26.65455555555
m29,2017-11-14 03:00:00,18.26830555555
m29,2017-11-14 04:00:00,13.89983333335
m29,2017-11-14 05:00:00,21.812083333316664
m29,2017-11-14 06:00:00,13.047166666650002
m29,2017-11-14 07:00:00,12.84172222225
m29,2017-11-14 08:00:00,12.71319444445
m29,2017-11-14 09:00:00,12.82725
m29,2017-11-14 10:00:00,13.042499999966667
m29,2017-11-14 11:00:00,23.21025
m29,2017-11-14 12:00:00,29.840444444433334
m29,2017-11-14 13:00:00,20.952444444416667
m29,2017-11-14 14:00:00,23.391333333366667
m29,2017-11-14 15:00:00,27.499916666649998
m29,2017-11-14 16:00:00,28.663694444483333
m29,2017-11-14 17:00:00,23.964222222216666
m29,2017-11-14 18:00:00,16.463250000033334
m29,2017-11-14 19:00:00,30.400111111116665
m29,2017-11-14 20:00:00,28.748166666683336
m29,2017-11-14 21:00:00,25.286722222216667
m29,2017-11-14 22:00:00,19.249749999966664
m29,2017-11-14 23:00:00,27.00644444445
m29,2017-11-15 00:00:00,27.2885833333
m29,2017-11-15 01:00:00,26.921111111116666
m29,2017-11-15 02:00:00,21.7223611111
m29,2017-11-15 03:00:00,19.113722222216666
m29,2017-11-15 04:00:00,24.509527777866666
m29,2017-11-15 05:00:00,24.75980555555
m29,2017-11-15 06:00:00,24.37119444445
m29,2017-11-15 07:00:00,24.616138888816668
m29,2017-11-15 08:00:00,24.63258333338333
m29,2017-11-15 09:00:00,24.772500000033336
m29,2017-11-15 10:00:00,24.861277777766666
m29,2017-11-15 11:00:00,24.77175
m29,2017-11-15 12:00:00,20.500777777783334
m29,2017-11-15 13:00:00,50.401916666649996
m29,2017-11-15 14:00:00,50.26552777776667
m29,2017-11-15 15:00:00,50.310583333333334
m29,2017-11-15 16:00:00,49.14930555551667
m29,2017-11-15 17:00:00,45.8516388889
m29,2017-11-15 18:00:00,52.27241666668333
m29,2017-11-15 19:00:00,51.45619444443333
m29,2017-11-15 20:00:00,51.54783333333333
m29,2017-11-15 21:00:00,50.53625000001667
m29,2017-11-15 22:00:00,51.17066666661666
m29,2017-11-15 23:00:00,50.36005555558334
m29,2017-11-16 00:00:00,50.4534166667
m29,2017-11-16 01:00:00,51.33252777773334
m29,2017-11-16 02:00:00,50.10813888886666
m29,2017-11-16 03:00:00,51.24736111116667
m29,2017-11-16 04:00:00,51.16802777775
m29,2017-11-16 05:00:00,52.0763611111
m29,2017-11-16 06:00:00,50.05416666668334
m29,2017-11-16 07:00:00,50.43197222225
m29,2017-11-16 08:00:00,49.55463888885
m29,2017-11-16 09:00:00,49.81430555555
m29,2017-11-16 10:00:00,48.74205555555
m29,2017-11-16 11:00:00,51.39455555556666
m29,2017-11-16 12:00:00,52.80530555556666
m29,2017-11-16 13:00:00,52.26241666666667
m29,2017-11-16 14:00:00,51.076606060618175
m29,2017-11-16 15:00:00,
m29,2017-11-16 16:00:00,
m29,2017-11-16 17:00:00,
m29,2017-11-16 18:00:00,
m29,2017-11-16 19:00:00,
m29,2017-11-16 20:00:00,
m29,2017-11-16 21:00:00,
m29,2017-11-16 22:00:00,
m29,2017-11-16 23:00:00,
m29,2017-11-17 00:00:00,50.20463888886666
m29,2017-11-17 01:00:00,53.30238888891667
m29,2017-11-17 02:00:00,51.864333333283334
m29,2017-11-17 03:00:00,52.84944444446667
m29,2017-11-17 04:00:00,51.93577777781666
m29,2017-11-17 05:00:00,52.26325000003333
m29,2017-11-17 06:00:00,52.379027777733334
m29,2017-11-17 07:00:00,27.659861111083334
m29,2017-11-17 08:00:00,14.68175
m29,2017-11-17 09:00:00,17.524916666666666
m29,2017-11-17 10:00:00,29.6996666667
m29,2017-11-17 11:00:00,30.06544444445
m29,2017-11-17 12:00:00,29.83008333335
m29,2017-11-17 13:00:00,24.361388888895
m29,2017-11-17 14:00:00,29.99050000005
m29,2017-11-17 15:00:00,32.10316666666667
m29,2017-11-17 16:00:00,29.26461111111667
m29,2017-11-17 17:00:00,25.336305555583333
m29,2017-11-17 18:00:00,28.679027777749997
m29,2017-11-17 19:00:00,25.78861111113333
m29,2017-11-17 20:00:00,23.443027777783335
m29,2017-11-17 21:00:00,29.061333333316668
m29,2017-11-17 22:00:00,30.01919444443333
m29,2017-11-17 23:00:00,31.4713055555
m29,2017-11-18 00:00:00,29.5470277778
m29,2017-11-18 01:00:00,29.164166666649997
m29,2017-11-18 02:00:00,29.1074166666
m29,2017-11-18 03:00:00,29.100083333433336
m29,2017-11-18 04:00:00,29.016277777766668
m29,2017-11-18 05:00:00,28.93302777785
m29,2017-11-18 06:00:00,25.849361111083333
m29,2017-11-18 07:00:00,30.33983333331667
m29,2017-11-18 08:00:00,31.615500000016667
m29,2017-11-18 09:00:00,30.424138888866665
m29,2017-11-18 10:00:00,30.567222222199998
m29,2017-11-18 11:00:00,29.653722222183333
m29,2017-11-18 12:00:00,29.55402777773333
m29,2017-11-18 13:00:00,28.378138888866665
m29,2017-11-18 14:00:00,28.386166666650002
m29,2017-11-18 15:00:00,24.68588888891667
m29,2017-11-18 16:00:00,26.144305555566667
m29,2017-11-18 17:00:00,35.150944444433335
m29,2017-11-18 18:00:00,35.6482777778
m29,2017-11-18 19:00:00,35.81727777778334
m29,2017-11-18 20:00:00,36.09324999998333
m29,2017-11-18 21:00:00,35.644444444466664
m29,2017-11-18 22:00:00,35.953111111149994
m29,2017-11-18 23:00:00,35.82663888888333
m29,2017-11-19 00:00:00,35.34080555551667
m29,2017-11-19 01:00:00,35.87719444445
m29,2017-11-19 02:00:00,36.380527777766666
m29,2017-11-19 03:00:00,36.23294444441667
m29,2017-11-19 04:00:00,35.999861111133335
m29,2017-11-19 05:00:00,35.8588888889
m29,2017-11-19 06:00:00,36.03366666666667
m29,2017-11-19 07:00:00,35.99122222221667
m29,2017-11-19 08:00:00,35.83961111113333
m29,2017-11-19 09:00:00,36.03058333328333
m29,2017-11-19 10:00:00,35.67066666665
m29,2017-11-19 11:00:00,15.259361111133334
m29,2017-11-19 12:00:00,0.2115555555555
m29,2017-11-19 13:00:00,0.23997222222200001
m29,2017-11-19 14:00:00,0.2380833333335
m29,2017-11-19 15:00:00,0.2467777777775
m29,2017-11-19 16:00:00,0.22358333333333336
m29,2017-11-19 17:00:00,0.216833333333
m29,2017-11-19 18:00:00,0.2200277777785
m29,2017-11-19 19:00:00,0.2464166666665
m29,2017-11-19 20:00:00,0.2500277777778333
m29,2017-11-19 21:00:00,0.24002777777766668
m29,2017-11-19 22:00:00,0.20816666666650002
m29,2017-11-19 23:00:00,0.2351111111115
m29,2017-11-20 00:00:00,
m29,2017-11-20 01:00:00,
m29,2017-11-20 02:00:00,
m29,2017-11-20 03:00:00,
m29,2017-11-20 04:00:00,
m29,2017-11-20 05:00:00,
m29,2017-11-20 06:00:00,
m29,2017-11-20 07:00:00,
m29,2017-11-20 08:00:00,
m29,2017-11-20 09:00:00,
m29,2017-11-20 10:00:00,
m29,2017-11-20 11:00:00,
m29,2017-11-20 12:00:00,
m29,2017-11-20 13:00:00,
m29,2017-11-20 14:00:00,
m29,2017-11-20 15:00:00,
m29,2017-11-20 16:00:00,
m29,2017-11-20 17:00:00,
m29,2017-11-20 18:00:00,
m29,2017-11-20 19:00:00,
m29,2017-11-20 20:00:00,
m29,2017-11-20 21:00:00,
m29,2017-11-20 22:00:00,
m29,2017-11-20 23:00:00,
m29,2017-11-21 00:00:00,3.850944444435
m29,2017-11-21 01:00:00,3.4411388888861665
m29,2017-11-21 02:00:00,3.0341388888843337
m29,2017-11-21 03:00:00,3.0448055555638334
m29,2017-11-21 04:00:00,2.4847222222226666
m29,2017-11-21 05:00:00,3.2464722222196665
m29,2017-11-21 06:00:00,3.1566111111161663
m29,2017-11-21 07:00:00,3.036333333330833
m29,2017-11-21 08:00:00,4.0144722222221665
m29,2017-11-21 09:00:00,3.3995277777738333
m29,2017-11-21 10:00:00,3.1222777777738333
m29,2017-11-21 11:00:00,4.896444444446166
m29,2017-11-21 12:00:00,3.6386111111138333
m29,2017-11-21 13:00:00,3.863277777777667
m29,2017-11-21 14:00:00,3.731083333334833
m29,2017-11-21 15:00:00,0.5903333333338333
m29,2017-11-21 16:00:00,5.881111111125
m29,2017-11-21 17:00:00,1.7113611111166667
m29,2017-11-21 18:00:00,1.70675
m29,2017-11-21 19:00:00,1.5288333333361666
m29,2017-11-21 20:00:00,1.0318333333343335
m29,2017-11-21 21:00:00,1.1768333333306666
m29,2017-11-21 22:00:00,1.8561249999986666
m29,2017-11-21 23:00:00,28.334013888881667
m29,2017-11-22 00:00:00,29.549388888916667
m29,2017-11-22 01:00:00,30.802527777783332
m29,2017-11-22 02:00:00,29.113916666671667
m29,2017-11-22 03:00:00,29.879277777766667
m29,2017-11-22 04:00:00,29.375500000005
m29,2017-11-22 05:00:00,29.032833333378335
m29,2017-11-22 06:00:00,30.543555555566666
m29,2017-11-22 07:00:00,28.174194444445
m29,2017-11-22 08:00:00,30.60172222226667
m29,2017-11-22 09:00:00,28.667055555561667
m29,2017-11-22 10:00:00,29.59575000001667
m29,2017-11-22 11:00:00,28.71930555555
m29,2017-11-22 12:00:00,28.43777777775
m29,2017-11-22 13:00:00,31.244666666666667
m29,2017-11-22 14:00:00,29.390694444438335
m29,2017-11-22 15:00:00,30.07247222225
m29,2017-11-22 16:00:00,29.044583333305
m29,2017-11-22 17:00:00,28.965499999995
m29,2017-11-22 18:00:00,30.30752777775
m29,2017-11-22 19:00:00,28.769861111066668
m29,2017-11-22 20:00:00,30.484138888883333
m29,2017-11-22 21:00:00,29.196749999966666
m29,2017-11-22 22:00:00,29.639333333345
m29,2017-11-22 23:00:00,29.484805555616667
m29,2017-11-23 00:00:00,29.186027777766665
m29,2017-11-23 01:00:00,30.514527777833333
m29,2017-11-23 02:00:00,28.274944444461667
m29,2017-11-23 03:00:00,29.958138888883333
m29,2017-11-23 04:00:00,28.453750000027167
m29,2017-11-23 05:00:00,29.111222222183336
m29,2017-11-23 06:00:00,30.604333333316667
m29,2017-11-23 07:00:00,28.96705555557167
m29,2017-11-23 08:00:00,30.970638888899998
m29,2017-11-23 09:00:00,29.233972222193334
m29,2017-11-23 10:00:00,29.46977777776667
m29,2017-11-23 11:00:00,30.5757777778
m29,2017-11-23 12:00:00,29.405666666666665
m29,2017-11-23 13:00:00,30.45208333331667
m29,2017-11-23 14:00:00,29.433472222188335
m29,2017-11-23 15:00:00,28.926000000033333
m29,2017-11-23 16:00:00,30.872583333383332
m29,2017-11-23 17:00:00,29.631638888895
m29,2017-11-23 18:00:00,30.61794444445
m29,2017-11-23 19:00:00,29.0093888889
m29,2017-11-23 20:00:00,28.863222222216667
m29,2017-11-23 21:00:00,30.172916666666666
m29,2017-11-23 22:00:00,28.710138888866666
m29,2017-11-23 23:00:00,31.406777777783336
m29,2017-11-24 00:00:00,29.236055555550003
m29,2017-11-24 01:00:00,30.63399999995
m29,2017-11-24 02:00:00,28.681249999971666
m29,2017-11-24 03:00:00,29.554083333339502
m29,2017-11-24 04:00:00,29.79930555558333
m29,2017-11-24 05:00:00,29.155361111121668
m29,2017-11-24 06:00:00,31.01980555555
m29,2017-11-24 07:00:00,29.277916666695
m29,2017-11-24 08:00:00,29.964138888938336
m29,2017-11-24 09:00:00,31.102194444483334
m29,2017-11-24 10:00:00,29.702138888871666
m29,2017-11-24 11:00:00,31.1450555555
m29,2017-11-24 12:00:00,29.98608333331167
m29,2017-11-24 13:00:00,30.427972222216667
m29,2017-11-24 14:00:00,30.84325
m29,2017-11-24 15:00:00,29.693333333338334
m29,2017-11-24 16:00:00,30.62513888885
m29,2017-11-24 17:00:00,29.826250000016667
m29,2017-11-24 18:00:00,30.318111111105
m29,2017-11-24 19:00:00,30.600333333366667
m29,2017-11-24 20:00:00,28.694638888945
m29,2017-11-24 21:00:00,30.6066666667
m29,2017-11-24 22:00:00,29.36658333335
m29,2017-11-24 23:00:00,29.22411111113833
m29,2017-11-25 00:00:00,31.074611111116667
m29,2017-11-25 01:00:00,29.91930555554
m29,2017-11-25 02:00:00,30.939416666683332
m29,2017-11-25 03:00:00,29.77344444441667
m29,2017-11-25 04:00:00,29.688222222216666
m29,2017-11-25 05:00:00,30.65730555558333
m29,2017-11-25 06:00:00,29.727638888878335
m29,2017-11-25 07:00:00,30.59633333335
m29,2017-11-25 08:00:00,29.150777777766667
m29,2017-11-25 09:00:00,31.87475
m29,2017-11-25 10:00:00,30.270972222250002
m29,2017-11-25 11:00:00,30.015499999994997
m29,2017-11-25 12:00:00,31.198166666683335
m29,2017-11-25 13:00:00,30.345222222216666
m29,2017-11-25 14:00:00,30.8743888889
m29,2017-11-25 15:00:00,29.249638888878334
m29,2017-11-25 16:00:00,29.64575
m29,2017-11-25 17:00:00,31.800111111116667
m29,2017-11-25 18:00:00,30.526472222183333
m29,2017-11-25 19:00:00,31.2315
m29,2017-11-25 20:00:00,30.393750000016666
m29,2017-11-25 21:00:00,29.790166666650002
m29,2017-11-25 22:00:00,30.030861111100002
m29,2017-11-25 23:00:00,30.089444444438335
m29,2017-11-26 00:00:00,31.53488888891667
m29,2017-11-26 01:00:00,29.781500000016667
m29,2017-11-26 02:00:00,29.734861111083333
m29,2017-11-26 03:00:00,31.798999999983334
m29,2017-11-26 04:00:00,30.152527777845002
m29,2017-11-26 05:00:00,30.294027777816666
m29,2017-11-26 06:00:00,29.720194444478334
m29,2017-11-26 07:00:00,29.924444444461663
m29,2017-11-26 08:00:00,30.768416666666667
m29,2017-11-26 09:00:00,30.821916666683332
m29,2017-11-26 10:00:00,31.593694444433332
m29,2017-11-26 11:00:00,30.146055555566665
m29,2017-11-26 12:00:00,30.291388888933334
m29,2017-11-26 13:00:00,31.025277777766668
m29,2017-11-26 14:00:00,30.747166666666665
m29,2017-11-26 15:00:00,30.879666666666665
m29,2017-11-26 16:00:00,29.474944444445
m29,2017-11-26 17:00:00,30.254722222271667
m29,2017-11-26 18:00:00,31.961472222233333
m29,2017-11-26 19:00:00,29.857916666711667
m29,2017-11-26 20:00:00,30.832305555583332
m29,2017-11-26 21:00:00,29.797972222216668
m29,2017-11-26 22:00:00,30.595861111145
m29,2017-11-26 23:00:00,30.87619444441667
m29,2017-11-27 00:00:00,29.874166666655
m29,2017-11-27 01:00:00,32.219499999966665
m29,2017-11-27 02:00:00,30.3888055556
m29,2017-11-27 03:00:00,23.45597222221117
m29,2017-11-27 04:00:00,0.23672222222233333
m29,2017-11-27 05:00:00,0.24305555555566669
m29,2017-11-27 06:00:00,0.24194444444466667
m29,2017-11-27 07:00:00,0.2781666666666667
m29,2017-11-27 08:00:00,0.2
m29,2017-11-27 09:00:00,0.2623888888888333
m29,2017-11-27 10:00:00,0.6002222222223333
m29,2017-11-27 11:00:00,0.210138888889
m29,2017-11-27 12:00:00,0.24480555555583333
m29,2017-11-27 13:00:00,0.25358333333383337
m29,2017-11-27 14:00:00,3.224527777790333
m29,2017-11-27 15:00:00,0.26336111111116667
m29,2017-11-27 16:00:00,0.2575555555555
m29,2017-11-27 17:00:00,0.24905555555533335
m29,2017-11-27 18:00:00,0.26336111111116667
m29,2017-11-27 19:00:00,0.2381666666665
m29,2017-11-27 20:00:00,0.24158333333383333
m29,2017-11-27 21:00:00,0.26002777777766667
m29,2017-11-27 22:00:00,0.26133333333383335
m29,2017-11-27 23:00:00,0.2651944444443333
m29,2017-11-28 00:00:00,0.25422222222216667
m29,2017-11-28 01:00:00,0.243305555555
m29,2017-11-28 02:00:00,0.24005555555516667
m29,2017-11-28 03:00:00,0.21952777777783336
m29,2017-11-28 04:00:00,0.26325000000016663
m29,2017-11-28 05:00:00,0.23349999999983334
m29,2017-11-28 06:00:00,0.21330555555550001
m29,2017-11-28 07:00:00,0.2090555555555
m29,2017-11-28 08:00:00,0.25527777777766664
m29,2017-11-28 09:00:00,0.231722222222
m29,2017-11-28 10:00:00,19.788361111094332
m29,2017-11-28 11:00:00,37.59883333336666
m29,2017-11-28 12:00:00,5.909194444455167
m29,2017-11-28 13:00:00,0.31997222222149996
m29,2017-11-28 14:00:00,0.2683611111111667
m29,2017-11-28 15:00:00,0.2595555555558333
m29,2017-11-28 16:00:00,0.24341666666683331
m29,2017-11-28 17:00:00,1.436500000006
m29,2017-11-28 18:00:00,0.238194444445
m29,2017-11-28 19:00:00,0.23624999999966667
m29,2017-11-28 20:00:00,0.23208333333333334
m29,2017-11-28 21:00:00,0.2166944444445
m29,2017-11-28 22:00:00,0.252944444444
m29,2017-11-28 23:00:00,0.21997222222216667
m29,2017-11-29 00:00:00,0.2333611111115
m29,2017-11-29 01:00:00,0.2924444444441667
m29,2017-11-29 02:00:00,0.23272222222216668
m29,2017-11-29 03:00:00,0.21883333333316665
m29,2017-11-29 04:00:00,0.23375000000016666
m29,2017-11-29 05:00:00,0.25722222222249996
m29,2017-11-29 06:00:00,0.25699999999949996
m29,2017-11-29 07:00:00,0.24572222222233334
m29,2017-11-29 08:00:00,0.20500000000000002
m29,2017-11-29 09:00:00,0.20561111111100003
m29,2017-11-29 10:00:00,0.20438888888883336
m29,2017-11-29 11:00:00,0.2651944444441667
m29,2017-11-29 12:00:00,0.27002777777816667
m29,2017-11-29 13:00:00,0.25347222222233334
m29,2017-11-29 14:00:00,0.268027777778
m29,2017-11-29 15:00:00,0.24230555555500002
m29,2017-11-29 16:00:00,0.27816666666633333
m29,2017-11-29 17:00:00,0.377361111111
m29,2017-11-29 18:00:00,0.30847222222233334
m29,2017-11-29 19:00:00,0.2860000000003333
m29,2017-11-29 20:00:00,0.27847222222233337
m29,2017-11-29 21:00:00,0.2581666666668333
m29,2017-11-29 22:00:00,0.21855555555566666
m29,2017-11-29 23:00:00,16.078055555571165
m29,2017-11-30 00:00:00,29.60722222225
m29,2017-11-30 01:00:00,29.424555555583332
m29,2017-11-30 02:00:00,29.726166666683334
m29,2017-11-30 03:00:00,28.122027777745
m29,2017-11-30 04:00:00,30.121333333383333
m29,2017-11-30 05:00:00,29.139194444416667
m29,2017-11-30 06:00:00,29.31872222226667
m29,2017-11-30 07:00:00,28.0912222222
m29,2017-11-30 08:00:00,29.821305555566667
m29,2017-11-30 09:00:00,30.305249999983335
m29,2017-11-30 10:00:00,28.43444444446167
m29,2017-11-30 11:00:00,31.468083333366668
m29,2017-11-30 12:00:00,31.146416666700002
m29,2017-11-30 13:00:00,30.8376111111
m29,2017-11-30 14:00:00,29.363555555555003
m29,2017-11-30 15:00:00,30.090333333333334
m29,2017-11-30 16:00:00,29.955888888933334
m29,2017-11-30 17:00:00,30.694500000050002
m29,2017-11-30 18:00:00,28.83366666671
m29,2017-11-30 19:00:00,30.123500000033335
m29,2017-11-30 20:00:00,30.89013888888333
m29,2017-11-30 21:00:00,29.633749999971666
m29,2017-11-30 22:00:00,30.487833333366666
m29,2017-11-30 23:00:00,31.062249999966664
m29,2017-12-01 00:00:00,30.233972222216668
m29,2017-12-01 01:00:00,29.569916666683334
m29,2017-12-01 02:00:00,30.5572222222
m29,2017-12-01 03:00:00,29.67008333333333
m29,2017-12-01 04:00:00,30.1176388889
m29,2017-12-01 05:00:00,29.038472222293333
m29,2017-12-01 06:00:00,31.084527777733335
m29,2017-12-01 07:00:00,30.410166666666665
m29,2017-12-01 08:00:00,30.2728611111
m29,2017-12-01 09:00:00,28.591111111133333
m29,2017-12-01 10:00:00,29.85625
m29,2017-12-01 11:00:00,30.226027777783333
m29,2017-12-01 12:00:00,29.119138888888333
m29,2017-12-01 13:00:00,30.529999999983332
m29,2017-12-01 14:00:00,31.05169444445
m29,2017-12-01 15:00:00,30.3034722222
m29,2017-12-01 16:00:00,28.864388888883333
m29,2017-12-01 17:00:00,30.457333333333334
m29,2017-12-01 18:00:00,30.989944444483335
m29,2017-12-01 19:00:00,31.25013888883333
m29,2017-12-01 20:00:00,29.11899999996
m29,2017-12-01 21:00:00,30.027111111083332
m29,2017-12-01 22:00:00,30.34719444445
m29,2017-12-01 23:00:00,30.700138888900003
m29,2017-12-02 00:00:00,29.1441388889
m29,2017-12-02 01:00:00,30.5510833334
m29,2017-12-02 02:00:00,29.613055555533332
m29,2017-12-02 03:00:00,28.448555555511668
m29,2017-12-02 04:00:00,30.154194444450003
m29,2017-12-02 05:00:00,30.161111111083336
m29,2017-12-02 06:00:00,29.72705555555
m29,2017-12-02 07:00:00,28.482805555573336
m29,2017-12-02 08:00:00,29.753083333333333
m29,2017-12-02 09:00:00,21.116472222216665
m29,2017-12-02 10:00:00,30.216250000016665
m29,2017-12-02 11:00:00,27.83480555557717
m29,2017-12-02 12:00:00,30.11355555555
m29,2017-12-02 13:00:00,30.156000000033334
m29,2017-12-02 14:00:00,30.52391666665
m29,2017-12-02 15:00:00,28.04200000001167
m29,2017-12-02 16:00:00,30.395694444449997
m29,2017-12-02 17:00:00,30.983416666666667
m29,2017-12-02 18:00:00,31.1791666667
m29,2017-12-02 19:00:00,30.19194444443833
m29,2017-12-02 20:00:00,30.67052777778333
m29,2017-12-02 21:00:00,30.264611111083333
m29,2017-12-02 22:00:00,28.579583333345
m29,2017-12-02 23:00:00,30.573583333333332
m29,2017-12-03 00:00:00,29.785166666683335
m29,2017-12-03 01:00:00,29.655555555566664
m29,2017-12-03 02:00:00,27.845027777783333
m29,2017-12-03 03:00:00,30.0975
m29,2017-12-03 04:00:00,29.53813888886667
m29,2017-12-03 05:00:00,29.907305555516665
m29,2017-12-03 06:00:00,28.575027777755
m29,2017-12-03 07:00:00,30.248611111116666
m29,2017-12-03 08:00:00,29.771527777766668
m29,2017-12-03 09:00:00,28.300333333295
m29,2017-12-03 10:00:00,29.391347222249998
m29,2017-12-03 11:00:00,29.776986111116667
m29,2017-12-03 12:00:00,30.791861111133336
m29,2017-12-03 13:00:00,29.294833333316667
m29,2017-12-03 14:00:00,28.597111111133334
m29,2017-12-03 15:00:00,27.07019444448333
m29,2017-12-03 16:00:00,29.654888888866665
m29,2017-12-03 17:00:00,28.124083333315
m29,2017-12-03 18:00:00,29.41244444445
m29,2017-12-03 19:00:00,29.5816388889
m29,2017-12-03 20:00:00,29.069805555549998
m29,2017-12-03 21:00:00,29.413388888883333
m29,2017-12-03 22:00:00,29.76955555556667
m29,2017-12-03 23:00:00,29.789694444466665
m29,2017-12-04 00:00:00,29.335722222188334
m29,2017-12-04 01:00:00,30.101666666649997
m29,2017-12-04 02:00:00,30.25672222225
m29,2017-12-04 03:00:00,29.67983333335
m29,2017-12-04 04:00:00,8.6943055555835
m29,2017-12-04 05:00:00,9.045666666661333
m29,2017-12-04 06:00:00,27.109555555533333
m29,2017-12-04 07:00:00,26.241305555583335
m29,2017-12-04 08:00:00,26.125083333350002
m29,2017-12-04 09:00:00,25.31119444445
m29,2017-12-04 10:00:00,24.779888888816668
m29,2017-12-04 11:00:00,24.793388888899997
m29,2017-12-04 12:00:00,24.7596111111
m29,2017-12-04 13:00:00,20.80655555555
m29,2017-12-04 14:00:00,19.741250000005
m29,2017-12-04 15:00:00,10.280777777778333
m29,2017-12-04 16:00:00,20.37536111111133
m29,2017-12-04 17:00:00,12.188194444473167
m29,2017-12-04 18:00:00,18.780388888916665
m29,2017-12-04 19:00:00,27.03672222222833
m29,2017-12-04 20:00:00,28.363138888894998
m29,2017-12-04 21:00:00,27.7316944444
m29,2017-12-04 22:00:00,27.32333333335
m29,2017-12-04 23:00:00,27.678888888916667
m29,2017-12-05 00:00:00,26.602666666666668
m29,2017-12-05 01:00:00,28.025055555533335
m29,2017-12-05 02:00:00,27.73113888895
m29,2017-12-05 03:00:00,27.434694444483334
m29,2017-12-05 04:00:00,27.46025
m29,2017-12-05 05:00:00,27.327555555550003
m29,2017-12-05 06:00:00,27.05097222225
m29,2017-12-05 07:00:00,27.887944444433334
m29,2017-12-05 08:00:00,27.0230277778
m29,2017-12-05 09:00:00,27.693861111083333
m29,2017-12-05 10:00:00,27.21413888891667
m29,2017-12-05 11:00:00,26.807750000016664
m29,2017-12-05 12:00:00,27.862111111138333
m29,2017-12-05 13:00:00,28.155555555516667
m29,2017-12-05 14:00:00,27.761944444433333
m29,2017-12-05 15:00:00,27.044249999999998
m29,2017-12-05 16:00:00,27.221916666683335
m29,2017-12-05 17:00:00,25.979027777733332
m29,2017-12-05 18:00:00,25.83658333335
m29,2017-12-05 19:00:00,11.185944444449166
m29,2017-12-05 20:00:00,6.0680833333335
m29,2017-12-05 21:00:00,1.1731944444445002
m29,2017-12-05 22:00:00,17.7102222222105
m29,2017-12-05 23:00:00,36.043083333333335
m29,2017-12-06 00:00:00,36.0507777778
m29,2017-12-06 01:00:00,36.48855555555
m29,2017-12-06 02:00:00,35.38375000003334
m29,2017-12-06 03:00:00,35.541916666649996
m29,2017-12-06 04:00:00,34.84380555551666
m29,2017-12-06 05:00:00,35.12105555556666
m29,2017-12-06 06:00:00,36.0913333333
m29,2017-12-06 07:00:00,36.152222222249996
m29,2017-12-06 08:00:00,33.31163888884333
m29,2017-12-06 09:00:00,36.37272222226667
m29,2017-12-06 10:00:00,36.79358333335001
m29,2017-12-06 11:00:00,37.0022222222
m29,2017-12-06 12:00:00,35.77433333335
m29,2017-12-06 13:00:00,36.44566666668333
m29,2017-12-06 14:00:00,36.77641666666667
m29,2017-12-06 15:00:00,37.98566666666667
m29,2017-12-06 16:00:00,35.00491666666667
m29,2017-12-06 17:00:00,26.3577222222
m29,2017-12-06 18:00:00,22.922277777766666
m29,2017-12-06 19:00:00,37.68144444448333
m29,2017-12-06 20:00:00,36.59663888893333
m29,2017-12-06 21:00:00,37.052416666666666
m29,2017-12-06 22:00:00,37.55894444446667
m29,2017-12-06 23:00:00,37.177083333333336
m29,2017-12-07 00:00:00,36.72672222221667
m29,2017-12-07 01:00:00,37.29069444445
m29,2017-12-07 02:00:00,38.22475
m29,2017-12-07 03:00:00,36.62858333336667
m29,2017-12-07 04:00:00,37.839972222250005
m29,2017-12-07 05:00:00,37.440361111083334
m29,2017-12-07 06:00:00,36.65561111115
m29,2017-12-07 07:00:00,37.26205555553334
m29,2017-12-07 08:00:00,35.27175000005
m29,2017-12-07 09:00:00,37.474611111116666
m29,2017-12-07 10:00:00,36.99886111118334
m29,2017-12-07 11:00:00,37.510944444466666
m29,2017-12-07 12:00:00,37.5193333333
m29,2017-12-07 13:00:00,36.51399999993334
m29,2017-12-07 14:00:00,37.13402777783333
m29,2017-12-07 15:00:00,36.17647222221667
m29,2017-12-07 16:00:00,36.20216666665
m29,2017-12-07 17:00:00,36.17461111108333
m29,2017-12-07 18:00:00,37.92961111115
m29,2017-12-07 19:00:00,36.80744444446667
m29,2017-12-07 20:00:00,37.05580555555
m29,2017-12-07 21:00:00,35.828611111166666
m29,2017-12-07 22:00:00,37.956222222183335
m29,2017-12-07 23:00:00,38.411861111133334
m29,2017-12-08 00:00:00,38.22291666665
m29,2017-12-08 01:00:00,34.11244444446117
m29,2017-12-08 02:00:00,35.34652777774333
m29,2017-12-08 03:00:00,9.392361111120001
m29,2017-12-08 04:00:00,19.46499999996667
m29,2017-12-08 05:00:00,16.740944444416666
m29,2017-12-08 06:00:00,17.837583333333335
m29,2017-12-08 07:00:00,15.23258333335
m29,2017-12-08 08:00:00,15.165777777766666
m29,2017-12-08 09:00:00,15.23650000005
m29,2017-12-08 10:00:00,15.289333333333333
m29,2017-12-08 11:00:00,16.457305555583336
m29,2017-12-08 12:00:00,22.3018333333
m29,2017-12-08 13:00:00,22.490750000016664
m29,2017-12-08 14:00:00,17.857638888883333
m29,2017-12-08 15:00:00,15.205027777766666
m29,2017-12-08 16:00:00,15.227583333316666
m29,2017-12-08 17:00:00,15.345444444433333
m29,2017-12-08 18:00:00,19.172527777766668
m29,2017-12-08 19:00:00,15.449583333333333
m29,2017-12-08 20:00:00,21.729638888883336
m29,2017-12-08 21:00:00,22.488777777783334
m29,2017-12-08 22:00:00,22.471777777783334
m29,2017-12-08 23:00:00,22.167083333333334
m29,2017-12-09 00:00:00,22.71366666668333
m29,2017-12-09 01:00:00,22.5316666667
m29,2017-12-09 02:00:00,22.03700000001667
m29,2017-12-09 03:00:00,22.597611111116667
m29,2017-12-09 04:00:00,22.36883333335
m29,2017-12-09 05:00:00,22.46269444445
m29,2017-12-09 06:00:00,22.345194444483333
m29,2017-12-09 07:00:00,22.505277777766665
m29,2017-12-09 08:00:00,22.469888888883336
m29,2017-12-09 09:00:00,22.47341666665
m29,2017-12-09 10:00:00,22.294361111083333
m29,2017-12-09 11:00:00,21.714777777800002
m29,2017-12-09 12:00:00,23.971055555533333
m29,2017-12-09 13:00:00,22.5691388889
m29,2017-12-09 14:00:00,22.276583333283334
m29,2017-12-09 15:00:00,22.448555555533336
m29,2017-12-09 16:00:00,15.176722222216666
m29,2017-12-09 17:00:00,20.031333333350002
m29,2017-12-09 18:00:00,25.817611111116666
m29,2017-12-09 19:00:00,25.829250000033333
m29,2017-12-09 20:00:00,25.5211388889
m29,2017-12-09 21:00:00,11.394416666671667
m29,2017-12-09 22:00:00,22.078861111116666
m29,2017-12-09 23:00:00,22.025305555566668
m29,2017-12-10 00:00:00,21.941555555566666
m29,2017-12-10 01:00:00,16.58074999998
m29,2017-12-10 02:00:00,13.39105555556
m29,2017-12-10 03:00:00,4.32458333333
m29,2017-12-10 04:00:00,4.26052777778
m29,2017-12-10 05:00:00,4.323888888883333
m29,2017-12-10 06:00:00,4.213472222226667
m29,2017-12-10 07:00:00,4.3410277777766675
m29,2017-12-10 08:00:00,4.323500000001667
m29,2017-12-10 09:00:00,4.252916666663333
m29,2017-12-10 10:00:00,4.338277777785
m29,2017-12-10 11:00:00,4.362333333331667
m29,2017-12-10 12:00:00,4.263583333331667
m29,2017-12-10 13:00:00,4.352472222223333
m29,2017-12-10 14:00:00,4.239305555558333
m29,2017-12-10 15:00:00,4.301166666668333
m29,2017-12-10 16:00:00,4.323027777778334
m29,2017-12-10 17:00:00,4.247583333333334
m29,2017-12-10 18:00:00,4.30319444445
m29,2017-12-10 19:00:00,4.544694444441666
m29,2017-12-10 20:00:00,4.252805555558334
m29,2017-12-10 21:00:00,4.373666666671666
m29,2017-12-10 22:00:00,4.243833333331667
m29,2017-12-10 23:00:00,4.349111111113333
m29,2017-12-11 00:00:00,
m29,2017-12-11 01:00:00,
m29,2017-12-11 02:00:00,
m29,2017-12-11 03:00:00,
m29,2017-12-11 04:00:00,
m29,2017-12-11 05:00:00,
m29,2017-12-11 06:00:00,
m29,2017-12-11 07:00:00,
m29,2017-12-11 08:00:00,
m29,2017-12-11 09:00:00,
m29,2017-12-11 10:00:00,
m29,2017-12-11 11:00:00,
m29,2017-12-11 12:00:00,
m29,2017-12-11 13:00:00,
m29,2017-12-11 14:00:00,
m29,2017-12-11 15:00:00,
m29,2017-12-11 16:00:00,
m29,2017-12-11 17:00:00,
m29,2017-12-11 18:00:00,
m29,2017-12-11 19:00:00,
m29,2017-12-11 20:00:00,
m29,2017-12-11 21:00:00,
m29,2017-12-11 22:00:00,
m29,2017-12-11 23:00:00,
m29,2017-12-12 00:00:00,23.34016666666667
m29,2017-12-12 01:00:00,21.511500000016667
m29,2017-12-12 02:00:00,19.2222777778
m29,2017-12-12 03:00:00,25.059138888866666
m29,2017-12-12 04:00:00,20.56994444445
m29,2017-12-12 05:00:00,20.396333333333335
m29,2017-12-12 06:00:00,20.406305555533333
m29,2017-12-12 07:00:00,15.498027777845001
m29,2017-12-12 08:00:00,8.24622222222
m29,2017-12-12 09:00:00,7.518944444443333
m29,2017-12-12 10:00:00,4.13175
m29,2017-12-12 11:00:00,3.9449722222183334
m29,2017-12-12 12:00:00,5.9420277777845
m29,2017-12-12 13:00:00,10.1935277778
m29,2017-12-12 14:00:00,14.790333333283334
m29,2017-12-12 15:00:00,10.578944444441667
m29,2017-12-12 16:00:00,8.400111111106666
m29,2017-12-12 17:00:00,4.505222222222167
m29,2017-12-12 18:00:00,5.572194444441666
m29,2017-12-12 19:00:00,11.414527777763334
m29,2017-12-12 20:00:00,11.315861111131666
m29,2017-12-12 21:00:00,12.290666666661668
m29,2017-12-12 22:00:00,10.968527777728333
m29,2017-12-12 23:00:00,8.522750000003333
m29,2017-12-13 00:00:00,
m29,2017-12-13 01:00:00,
m29,2017-12-13 02:00:00,
m29,2017-12-13 03:00:00,
m29,2017-12-13 04:00:00,
m29,2017-12-13 05:00:00,
m29,2017-12-13 06:00:00,
m29,2017-12-13 07:00:00,
m29,2017-12-13 08:00:00,
m29,2017-12-13 09:00:00,
m29,2017-12-13 10:00:00,
m29,2017-12-13 11:00:00,
m29,2017-12-13 12:00:00,
m29,2017-12-13 13:00:00,
m29,2017-12-13 14:00:00,
m29,2017-12-13 15:00:00,
m29,2017-12-13 16:00:00,
m29,2017-12-13 17:00:00,
m29,2017-12-13 18:00:00,
m29,2017-12-13 19:00:00,
m29,2017-12-13 20:00:00,
m29,2017-12-13 21:00:00,
m29,2017-12-13 22:00:00,
m29,2017-12-13 23:00:00,
m29,2017-12-14 00:00:00,32.09375000003333
m29,2017-12-14 01:00:00,32.599638888899996
m29,2017-12-14 02:00:00,32.791027777749996
m29,2017-12-14 03:00:00,18.81677777778833
m29,2017-12-14 04:00:00,11.6849722222
m29,2017-12-14 05:00:00,11.999472222233333
m29,2017-12-14 06:00:00,11.568194444461666
m29,2017-12-14 07:00:00,11.930972222218333
m29,2017-12-14 08:00:00,11.5854722222
m29,2017-12-14 09:00:00,11.794138888903332
m29,2017-12-14 10:00:00,11.631333333303333
m29,2017-12-14 11:00:00,11.592527777771666
m29,2017-12-14 12:00:00,11.727611111095
m29,2017-12-14 13:00:00,11.762944444438334
m29,2017-12-14 14:00:00,7.5413055555426665
m29,2017-12-14 15:00:00,0.3148611111113333
m29,2017-12-14 16:00:00,0.313888888889
m29,2017-12-14 17:00:00,20.60250000002417
m29,2017-12-14 18:00:00,21.121611111106667
m29,2017-12-14 19:00:00,8.909611111123333
m29,2017-12-14 20:00:00,20.471333333326665
m29,2017-12-14 21:00:00,26.135222222183334
m29,2017-12-14 22:00:00,26.02086111115
m29,2017-12-14 23:00:00,26.08116666665
m29,2017-12-15 00:00:00,26.206083333366667
m29,2017-12-15 01:00:00,26.165833333366667
m29,2017-12-15 02:00:00,26.205083333300003
m29,2017-12-15 03:00:00,26.409055555566667
m29,2017-12-15 04:00:00,26.098805555566667
m29,2017-12-15 05:00:00,27.127583333366665
m29,2017-12-15 06:00:00,28.369777777766668
m29,2017-12-15 07:00:00,28.36875
m29,2017-12-15 08:00:00,28.374472222216664
m29,2017-12-15 09:00:00,16.13469444444433
m29,2017-12-15 10:00:00,0.24508333333366666
m29,2017-12-15 11:00:00,0.2855000000003333
m29,2017-12-15 12:00:00,0.2981944444445
m29,2017-12-15 13:00:00,0.30363888888883334
m29,2017-12-15 14:00:00,4.557499999999667
m29,2017-12-15 15:00:00,25.831305555516668
m29,2017-12-15 16:00:00,25.449472222216666
m29,2017-12-15 17:00:00,25.626305555566667
m29,2017-12-15 18:00:00,25.67817829455814
